{
  "experiment_id": 1741847716,
  "timestamp": "2025-03-13 06:35:16",
  "config": {
    "task_type": "classification",
    "random_state": 42,
    "n_jobs": -1,
    "verbose": 1,
    "cv_folds": 5,
    "test_size": 0.2,
    "stratify": true,
    "optimization_strategy": "adaptive_surrogate_assisted_hyperparameter_tuning",
    "optimization_iterations": 20,
    "early_stopping": true,
    "feature_selection": true,
    "feature_selection_method": "mutual_info",
    "feature_selection_k": null,
    "feature_importance_threshold": 0.01,
    "model_path": "./benchmark_models",
    "experiment_tracking": true,
    "use_intel_optimization": true,
    "memory_optimization": true,
    "enable_distributed": false,
    "log_level": "INFO"
  },
  "model_info": {
    "name": "random_forest_benchmark",
    "type": "RandomForestClassifier"
  },
  "metrics": {
    "accuracy": 0.9722222222222222,
    "precision": 0.97313161466122,
    "recall": 0.9722222222222222,
    "f1": 0.971937493515217
  },
  "feature_importance": {
    "feature_19": 0.054337932437467575,
    "feature_34": 0.04300123569801208,
    "feature_42": 0.04245114530841595,
    "feature_22": 0.039500340186682685,
    "feature_24": 0.036373530177025964,
    "feature_41": 0.03386380807845198,
    "feature_18": 0.03313176404389633,
    "feature_61": 0.033122041780972125,
    "feature_29": 0.031974214125820674,
    "feature_26": 0.030088120951587534,
    "feature_12": 0.028936820922477378,
    "feature_53": 0.027903537899186905,
    "feature_30": 0.027542436443815543,
    "feature_9": 0.027203678050799728,
    "feature_36": 0.02652664273104836,
    "feature_17": 0.025406240621948885,
    "feature_58": 0.024294150683598054,
    "feature_60": 0.02411284779920935,
    "feature_23": 0.02408276999505017,
    "feature_25": 0.023534943340702767,
    "feature_2": 0.022045823062709063,
    "feature_52": 0.022038526613792978,
    "feature_5": 0.021646837148985344,
    "feature_16": 0.02139363599116414,
    "feature_43": 0.021174720998395985,
    "feature_44": 0.020512943716592014,
    "feature_50": 0.020196545029069757,
    "feature_35": 0.019587491149585474,
    "feature_33": 0.018902351639830242,
    "feature_45": 0.018894905953661358,
    "feature_51": 0.016194121181434682,
    "feature_21": 0.015912903743841633,
    "feature_49": 0.015568050161033194,
    "feature_62": 0.015260060543991913,
    "feature_11": 0.014866614832397226,
    "feature_7": 0.011880363312543742,
    "feature_3": 0.010256407177153726,
    "feature_4": 0.010211928049272864,
    "feature_59": 0.009939352591630144,
    "feature_40": 0.009701057855203329,
    "feature_20": 0.009467192681877902,
    "feature_15": 0.006845302796347459,
    "feature_10": 0.00664968053244136,
    "feature_13": 0.0034649819608745074,
    "feature_1": 0.0,
    "feature_6": 0.0,
    "feature_14": 0.0,
    "feature_27": 0.0,
    "feature_28": 0.0,
    "feature_37": 0.0,
    "feature_38": 0.0,
    "feature_46": 0.0,
    "feature_47": 0.0,
    "feature_48": 0.0,
    "feature_54": 0.0,
    "feature_55": 0.0,
    "feature_57": 0.0,
    "feature_63": 0.0
  },
  "duration": 15.972120523452759,
  "steps": {
    "cv": {
      "fold_1": 0.9791153202916744,
      "fold_2": 0.9763942188696972,
      "fold_3": 0.980535259048495,
      "fold_4": 0.9652207582533456,
      "fold_5": 0.9721607356468398,
      "fold_6": 0.9749621265964201,
      "fold_7": 0.9721992094786465,
      "fold_8": 0.9735568992393816,
      "fold_9": 0.9735341703450775,
      "fold_10": 0.9763826220248615,
      "fold_11": 0.9707769632643128,
      "fold_12": 0.9750105862147095,
      "fold_13": 0.9763431586510561,
      "fold_14": 0.9736412444279626,
      "fold_15": 0.9777715336841091,
      "fold_16": 0.9778392077112424,
      "fold_17": 0.9763742871289184,
      "fold_18": 0.9777540012948751,
      "fold_19": 0.9722467370735233
    }
  }
}