{
  "experiment_id": 1741847946,
  "timestamp": "2025-03-13 06:39:06",
  "config": {
    "task_type": "classification",
    "random_state": 42,
    "n_jobs": -1,
    "verbose": 1,
    "cv_folds": 5,
    "test_size": 0.2,
    "stratify": true,
    "optimization_strategy": "adaptive_surrogate_assisted_hyperparameter_tuning",
    "optimization_iterations": 20,
    "early_stopping": true,
    "feature_selection": true,
    "feature_selection_method": "mutual_info",
    "feature_selection_k": null,
    "feature_importance_threshold": 0.01,
    "model_path": "./benchmark_models",
    "experiment_tracking": true,
    "use_intel_optimization": true,
    "memory_optimization": true,
    "enable_distributed": false,
    "log_level": "INFO"
  },
  "model_info": {
    "name": "random_forest_benchmark",
    "type": "RandomForestClassifier"
  },
  "metrics": {
    "accuracy": 0.9245,
    "precision": 0.9245955339951489,
    "recall": 0.9245,
    "f1": 0.9244957528860998,
    "roc_auc": 0.9625544999999999
  },
  "feature_importance": {
    "feature_27": 0.3620082665306438,
    "feature_36": 0.28096559472938676,
    "feature_48": 0.080456897049737,
    "feature_6": 0.06050611602344636,
    "feature_0": 0.008713154335258277,
    "feature_46": 0.008635368834938399,
    "feature_45": 0.008535161359706625,
    "feature_18": 0.008525684294609983,
    "feature_15": 0.008173219866776119,
    "feature_26": 0.008156724787056938,
    "feature_47": 0.008058690191598786,
    "feature_35": 0.008054715720410291,
    "feature_16": 0.007967253833077202,
    "feature_22": 0.007830049223444208,
    "feature_33": 0.0077903445667269955,
    "feature_37": 0.007787786491801523,
    "feature_23": 0.007672087890124151,
    "feature_13": 0.007592228967759918,
    "feature_44": 0.00758967687162869,
    "feature_14": 0.007567315623971906,
    "feature_28": 0.007542685287743913,
    "feature_11": 0.007532913605360767,
    "feature_30": 0.007440647012819035,
    "feature_32": 0.007427282398117633,
    "feature_10": 0.007423913246528404,
    "feature_19": 0.007391731047937015,
    "feature_17": 0.007290644733014324,
    "feature_21": 0.007274967899358455,
    "feature_20": 0.007210254052844505,
    "feature_24": 0.007135067065801895,
    "feature_5": 0.006943312349022676,
    "feature_49": 0.006800244109347527
  },
  "duration": 68.17671346664429,
  "steps": {
    "cv": {
      "fold_1": 0.9334802101893704,
      "fold_2": 0.9259546466541588,
      "fold_3": 0.9324810607765643,
      "fold_4": 0.9334864976611331,
      "fold_5": 0.932228045922295,
      "fold_6": 0.9334802101893704,
      "fold_7": 0.9332329116594851,
      "fold_8": 0.9259564618662353,
      "fold_9": 0.9327230931696429,
      "fold_10": 0.9236984242266938,
      "fold_11": 0.9329788881597637,
      "fold_12": 0.9309839536448633,
      "fold_13": 0.9337273221054276,
      "fold_14": 0.9252069233401067,
      "fold_15": 0.9332318263855404,
      "fold_16": 0.9252069233401067,
      "fold_17": 0.9337308521929556,
      "fold_18": 0.9307287898330968,
      "fold_19": 0.9314819110752903
    }
  }
}