{
  "experiment_id": 1741848293,
  "timestamp": "2025-03-13 06:44:53",
  "config": {
    "task_type": "classification",
    "random_state": 42,
    "n_jobs": -1,
    "verbose": 1,
    "cv_folds": 5,
    "test_size": 0.2,
    "stratify": true,
    "optimization_strategy": "random_search",
    "optimization_iterations": 20,
    "early_stopping": true,
    "feature_selection": true,
    "feature_selection_method": "mutual_info",
    "feature_selection_k": null,
    "feature_importance_threshold": 0.01,
    "model_path": "./benchmark_models",
    "experiment_tracking": true,
    "use_intel_optimization": true,
    "memory_optimization": true,
    "enable_distributed": false,
    "log_level": "INFO"
  },
  "model_info": {
    "name": "random_forest_benchmark",
    "type": "RandomForestClassifier"
  },
  "metrics": {
    "accuracy": 0.8332480294810114,
    "precision": 0.8232854272151825,
    "recall": 0.8332480294810114,
    "f1": 0.8201514913786112,
    "roc_auc": 0.8835219001986799
  },
  "feature_importance": {
    "feature_24": 0.2596290734981441,
    "feature_2": 0.23903942677556775,
    "feature_0": 0.13309673519441878,
    "feature_5": 0.10657833214460051,
    "feature_26": 0.0929777942198476,
    "feature_1": 0.0520690741837938,
    "feature_48": 0.04573019442769627,
    "feature_40": 0.038566340263459946,
    "feature_17": 0.02444178380438421,
    "feature_8": 0.00787124548808703,
    "feature_3": 0.0,
    "feature_4": 0.0,
    "feature_6": 0.0,
    "feature_7": 0.0,
    "feature_9": 0.0,
    "feature_11": 0.0,
    "feature_12": 0.0,
    "feature_13": 0.0,
    "feature_14": 0.0,
    "feature_15": 0.0,
    "feature_16": 0.0,
    "feature_18": 0.0,
    "feature_21": 0.0,
    "feature_22": 0.0,
    "feature_23": 0.0,
    "feature_25": 0.0,
    "feature_27": 0.0,
    "feature_29": 0.0,
    "feature_30": 0.0,
    "feature_31": 0.0,
    "feature_32": 0.0,
    "feature_33": 0.0,
    "feature_36": 0.0,
    "feature_38": 0.0,
    "feature_39": 0.0,
    "feature_41": 0.0,
    "feature_42": 0.0,
    "feature_44": 0.0,
    "feature_45": 0.0,
    "feature_46": 0.0,
    "feature_47": 0.0,
    "feature_49": 0.0,
    "feature_50": 0.0,
    "feature_51": 0.0,
    "feature_53": 0.0,
    "feature_55": 0.0,
    "feature_56": 0.0,
    "feature_57": 0.0,
    "feature_60": 0.0,
    "feature_62": 0.0,
    "feature_63": 0.0,
    "feature_64": 0.0,
    "feature_67": 0.0,
    "feature_68": 0.0,
    "feature_69": 0.0,
    "feature_71": 0.0,
    "feature_72": 0.0,
    "feature_74": 0.0,
    "feature_76": 0.0,
    "feature_77": 0.0,
    "feature_78": 0.0,
    "feature_80": 0.0,
    "feature_81": 0.0,
    "feature_83": 0.0,
    "feature_87": 0.0,
    "feature_88": 0.0,
    "feature_90": 0.0,
    "feature_91": 0.0,
    "feature_93": 0.0,
    "feature_94": 0.0,
    "feature_95": 0.0
  },
  "duration": 62.387577295303345,
  "steps": {
    "cv": {
      "fold_1": 0.8064553434741117,
      "fold_2": 0.8085849382731429,
      "fold_3": 0.8092580835001241,
      "fold_4": 0.8139241390483705,
      "fold_5": 0.8179718544475734,
      "fold_6": 0.8155634391057295,
      "fold_7": 0.8167479125792204,
      "fold_8": 0.8212882883074307,
      "fold_9": 0.8201940298963621,
      "fold_10": 0.820417328257156,
      "fold_11": 0.8204695946015018,
      "fold_12": 0.8198135233243933,
      "fold_13": 0.8170348274666057,
      "fold_14": 0.8168520464987893,
      "fold_15": 0.8180591845944629,
      "fold_16": 0.8231607923438107,
      "fold_17": 0.8225427809979685,
      "fold_18": 0.8222221303374448
    }
  }
}