{
  "experiment_id": 1741847878,
  "timestamp": "2025-03-13 06:37:58",
  "config": {
    "task_type": "regression",
    "random_state": 42,
    "n_jobs": -1,
    "verbose": 1,
    "cv_folds": 5,
    "test_size": 0.2,
    "stratify": false,
    "optimization_strategy": "adaptive_surrogate_assisted_hyperparameter_tuning",
    "optimization_iterations": 20,
    "early_stopping": true,
    "feature_selection": true,
    "feature_selection_method": "mutual_info",
    "feature_selection_k": null,
    "feature_importance_threshold": 0.01,
    "model_path": "./benchmark_models",
    "experiment_tracking": true,
    "use_intel_optimization": true,
    "memory_optimization": true,
    "enable_distributed": false,
    "log_level": "INFO"
  },
  "model_info": {
    "name": "gradient_boosting_benchmark",
    "type": "GradientBoostingRegressor"
  },
  "metrics": {
    "mse": 0.2457810703044599,
    "rmse": 0.4957631191450811,
    "mae": 0.3325803361467512,
    "r2": 0.8124394182384207
  },
  "feature_importance": {
    "feature_0": 0.5776725770317936,
    "feature_5": 0.1345237915396916,
    "feature_7": 0.10981981962865668,
    "feature_6": 0.09840477614473514,
    "feature_1": 0.042947912922515444,
    "feature_2": 0.02705624965284831,
    "feature_4": 0.009574873079759115
  },
  "duration": 42.225306034088135,
  "steps": {
    "cv": {
      "fold_1": -0.32653982274044596,
      "fold_2": -0.7878851365774047,
      "fold_3": -0.862612569653223,
      "fold_4": -0.6552229508891113,
      "fold_5": -0.28890670666674184,
      "fold_6": -0.2804859757456054,
      "fold_7": -0.32653982274044596,
      "fold_8": -0.25627594118863206,
      "fold_9": -0.862612569653223,
      "fold_10": -0.25627594118863206,
      "fold_11": -0.32653982274044596,
      "fold_12": -0.2804859757456054,
      "fold_13": -0.28890670666674184,
      "fold_14": -0.862612569653223,
      "fold_15": -0.25627594118863206,
      "fold_16": -0.2804859757456054,
      "fold_17": -0.28890670666674184,
      "fold_18": -0.32653982274044596
    }
  }
}