{
  "experiment_id": 1741848018,
  "timestamp": "2025-03-13 06:40:18",
  "config": {
    "task_type": "classification",
    "random_state": 42,
    "n_jobs": -1,
    "verbose": 1,
    "cv_folds": 5,
    "test_size": 0.2,
    "stratify": true,
    "optimization_strategy": "random_search",
    "optimization_iterations": 20,
    "early_stopping": true,
    "feature_selection": true,
    "feature_selection_method": "mutual_info",
    "feature_selection_k": null,
    "feature_importance_threshold": 0.01,
    "model_path": "./benchmark_models",
    "experiment_tracking": true,
    "use_intel_optimization": true,
    "memory_optimization": true,
    "enable_distributed": false,
    "log_level": "INFO"
  },
  "model_info": {
    "name": "random_forest_benchmark",
    "type": "RandomForestClassifier"
  },
  "metrics": {
    "accuracy": 0.9737,
    "precision": 0.974120886597938,
    "recall": 0.9737,
    "f1": 0.973694081413503,
    "roc_auc": 0.9885781795431271
  },
  "feature_importance": {
    "feature_14": 0.5298368681956527,
    "feature_2": 0.23708672716634288,
    "feature_50": 0.0889173094431544,
    "feature_12": 0.05909659509881519,
    "feature_70": 0.0025943792481766337,
    "feature_45": 0.0024317079268146597,
    "feature_91": 0.0023888731747549086,
    "feature_48": 0.0023767216927649236,
    "feature_54": 0.002330427813061129,
    "feature_90": 0.0022912417833071343,
    "feature_69": 0.002278962925502529,
    "feature_18": 0.0022755652403045504,
    "feature_51": 0.0022686402723303637,
    "feature_57": 0.0022567666201321838,
    "feature_39": 0.002248830414765643,
    "feature_72": 0.0022431356821786684,
    "feature_29": 0.002241550214449891,
    "feature_84": 0.0022263649779524037,
    "feature_49": 0.0022196028946337445,
    "feature_66": 0.002212855141616821,
    "feature_71": 0.0022002910184013044,
    "feature_62": 0.0021995503798175366,
    "feature_44": 0.0021988423890426365,
    "feature_13": 0.002195090508964374,
    "feature_87": 0.002189863339309303,
    "feature_73": 0.0021718966228393413,
    "feature_34": 0.0021656550298672084,
    "feature_25": 0.0021652430955545507,
    "feature_21": 0.0021408812775503727,
    "feature_43": 0.0021406732410751425,
    "feature_33": 0.002139742265636614,
    "feature_82": 0.002138001155198485,
    "feature_8": 0.002118912547941502,
    "feature_4": 0.002114993235146119,
    "feature_65": 0.0020786219286609326,
    "feature_78": 0.002050340997102761,
    "feature_42": 0.0020451018899991067,
    "feature_38": 0.0020248781772044862,
    "feature_9": 0.0020181631219100497,
    "feature_59": 0.002010758032156636,
    "feature_56": 0.001998338506668528,
    "feature_52": 0.001907639453770881,
    "feature_28": 0.0017633958594709626
  },
  "duration": 141.2185401916504,
  "steps": {
    "cv": {
      "fold_1": 0.9737446671354899,
      "fold_2": 0.9739941424716377,
      "fold_3": 0.9737444767583782,
      "fold_4": 0.9737442830963432,
      "fold_5": 0.9737442830963432,
      "fold_6": 0.9736191573431203,
      "fold_7": 0.9723656398758401,
      "fold_8": 0.9724915519668598,
      "fold_9": 0.9731170956217134,
      "fold_10": 0.9719911497343321,
      "fold_11": 0.9727408926142642,
      "fold_12": 0.9729914658152488,
      "fold_13": 0.9734936222317032,
      "fold_14": 0.9738684025294047,
      "fold_15": 0.9732443715537756,
      "fold_16": 0.9747439230698303,
      "fold_17": 0.9741188733606938,
      "fold_18": 0.9737442830963432
    }
  }
}