{
  "experiment_id": 1741848162,
  "timestamp": "2025-03-13 06:42:42",
  "config": {
    "task_type": "regression",
    "random_state": 42,
    "n_jobs": -1,
    "verbose": 1,
    "cv_folds": 5,
    "test_size": 0.2,
    "stratify": false,
    "optimization_strategy": "adaptive_surrogate_assisted_hyperparameter_tuning",
    "optimization_iterations": 20,
    "early_stopping": true,
    "feature_selection": true,
    "feature_selection_method": "mutual_info",
    "feature_selection_k": null,
    "feature_importance_threshold": 0.01,
    "model_path": "./benchmark_models",
    "experiment_tracking": true,
    "use_intel_optimization": true,
    "memory_optimization": true,
    "enable_distributed": false,
    "log_level": "INFO"
  },
  "model_info": {
    "name": "random_forest_benchmark",
    "type": "RandomForestRegressor"
  },
  "metrics": {
    "mse": 10355.582819273432,
    "rmse": 101.76238410765262,
    "mae": 83.13233873223278,
    "r2": 0.7324739897571055
  },
  "feature_importance": {
    "feature_1": 0.26572619393023406,
    "feature_16": 0.20977255914250914,
    "feature_4": 0.1965338154387888,
    "feature_0": 0.1749205759755088,
    "feature_12": 0.03329098386598811,
    "feature_6": 0.019453601510820245,
    "feature_17": 0.01889186742341594,
    "feature_15": 0.01887236643131549,
    "feature_9": 0.016664819590765077,
    "feature_8": 0.016340348664984943,
    "feature_3": 0.015202225389261236,
    "feature_19": 0.014330642636408196
  },
  "duration": 2.00545597076416,
  "steps": {
    "cv": {
      "fold_1": -9146.38908420193,
      "fold_2": -9150.30221105847,
      "fold_3": -9145.216013696247,
      "fold_4": -9162.895684913054,
      "fold_5": -9162.895684913054,
      "fold_6": -9153.926978028669,
      "fold_7": -9115.479752591496,
      "fold_8": -9162.895684913054,
      "fold_9": -9172.253030329253,
      "fold_10": -8983.759632400051,
      "fold_11": -9036.239746476678,
      "fold_12": -9162.895684913054
    }
  }
}