{
  "experiment_id": 1741847707,
  "timestamp": "2025-03-13 06:35:07",
  "config": {
    "task_type": "classification",
    "random_state": 42,
    "n_jobs": -1,
    "verbose": 1,
    "cv_folds": 5,
    "test_size": 0.2,
    "stratify": true,
    "optimization_strategy": "adaptive_surrogate_assisted_hyperparameter_tuning",
    "optimization_iterations": 20,
    "early_stopping": true,
    "feature_selection": true,
    "feature_selection_method": "mutual_info",
    "feature_selection_k": null,
    "feature_importance_threshold": 0.01,
    "model_path": "./benchmark_models",
    "experiment_tracking": true,
    "use_intel_optimization": true,
    "memory_optimization": true,
    "enable_distributed": false,
    "log_level": "INFO"
  },
  "model_info": {
    "name": "logistic_regression_benchmark",
    "type": "LogisticRegression"
  },
  "metrics": {
    "accuracy": 0.9824561403508771,
    "precision": 0.9824561403508771,
    "recall": 0.9824561403508771,
    "f1": 0.9824561403508771,
    "roc_auc": 0.9953703703703703
  },
  "feature_importance": {
    "feature_21": 1.1071701816396924,
    "feature_10": 1.0509775713077563,
    "feature_13": 1.0387779630778746,
    "feature_15": 1.0189677749313095,
    "feature_28": 0.9123730180666225,
    "feature_23": 0.893489569278409,
    "feature_27": 0.8932043955148995,
    "feature_20": 0.8879931064267143,
    "feature_24": 0.7933532571945697,
    "feature_26": 0.7806797799225028,
    "feature_1": 0.7685361695067593,
    "feature_22": 0.7384500343206832,
    "feature_7": 0.7256883371926405,
    "feature_12": 0.6817693880192415,
    "feature_17": 0.6703312967030285,
    "feature_5": 0.6535200565070705,
    "feature_6": 0.6394033223196594,
    "feature_19": 0.5755446463228665,
    "feature_3": 0.5673535894592301,
    "feature_18": 0.5355330392667916,
    "feature_0": 0.5145345791634749,
    "feature_2": 0.49243662483441275,
    "feature_4": 0.30473987237677025,
    "feature_8": 0.2617649445369099,
    "feature_11": 0.22277533514124853,
    "feature_14": 0.18495228643196304,
    "feature_25": 0.06621399319906483,
    "feature_29": 0.05627134515564517,
    "feature_16": 0.053381076495855835
  },
  "duration": 2.9573934078216553,
  "steps": {
    "cv": {
      "fold_1": 0.969334154098697,
      "fold_2": 0.969334154098697,
      "fold_3": 0.9519169817351647,
      "fold_4": 0.960572483841182,
      "fold_5": 0.969334154098697,
      "fold_6": 0.960572483841182,
      "fold_7": 0.956240913452974,
      "fold_8": 0.9736842105263158,
      "fold_9": 0.9736842105263158,
      "fold_10": 0.969334154098697,
      "fold_11": 0.960572483841182,
      "fold_12": 0.956240913452974,
      "fold_13": 0.9736842105263158,
      "fold_14": 0.9649927307623793,
      "fold_15": 0.969334154098697,
      "fold_16": 0.960572483841182,
      "fold_17": 0.9736842105263158,
      "fold_18": 0.956240913452974,
      "fold_19": 0.9649927307623793
    }
  }
}