{
  "experiment_id": 1741847828,
  "timestamp": "2025-03-13 06:37:08",
  "config": {
    "task_type": "regression",
    "random_state": 42,
    "n_jobs": -1,
    "verbose": 1,
    "cv_folds": 5,
    "test_size": 0.2,
    "stratify": false,
    "optimization_strategy": "adaptive_surrogate_assisted_hyperparameter_tuning",
    "optimization_iterations": 20,
    "early_stopping": true,
    "feature_selection": true,
    "feature_selection_method": "mutual_info",
    "feature_selection_k": null,
    "feature_importance_threshold": 0.01,
    "model_path": "./benchmark_models",
    "experiment_tracking": true,
    "use_intel_optimization": true,
    "memory_optimization": true,
    "enable_distributed": false,
    "log_level": "INFO"
  },
  "model_info": {
    "name": "random_forest_benchmark",
    "type": "RandomForestRegressor"
  },
  "metrics": {
    "mse": 3063.1297438202246,
    "rmse": 55.345548545661956,
    "mae": 44.85404494382023,
    "r2": 0.42184937517543697
  },
  "feature_importance": {
    "feature_2": 0.3659484988712011,
    "feature_8": 0.2463869708978865,
    "feature_3": 0.09936091697011587,
    "feature_9": 0.07504846827225546,
    "feature_5": 0.06268545961827177,
    "feature_4": 0.05622045316837742,
    "feature_6": 0.05597828818143492,
    "feature_7": 0.02768492983233049,
    "feature_1": 0.01068601418812653
  },
  "duration": 1.435257911682129,
  "steps": {
    "cv": {
      "fold_1": -3568.4909300847457,
      "fold_2": -3574.4348045366914,
      "fold_3": -3568.4909300847457,
      "fold_4": -3673.2533687225355,
      "fold_5": -3673.2533687225355,
      "fold_6": -3568.4909300847457,
      "fold_7": -3604.7039073952137,
      "fold_8": -3574.4348045366914,
      "fold_9": -3568.4909300847457,
      "fold_10": -3589.5633974831294,
      "fold_11": -3568.4909300847457,
      "fold_12": -3583.252075706214,
      "fold_13": -3568.4909300847457
    }
  }
}