{
  "experiment_id": 1741847850,
  "timestamp": "2025-03-13 06:37:30",
  "config": {
    "task_type": "regression",
    "random_state": 42,
    "n_jobs": -1,
    "verbose": 1,
    "cv_folds": 5,
    "test_size": 0.2,
    "stratify": false,
    "optimization_strategy": "adaptive_surrogate_assisted_hyperparameter_tuning",
    "optimization_iterations": 20,
    "early_stopping": true,
    "feature_selection": true,
    "feature_selection_method": "mutual_info",
    "feature_selection_k": null,
    "feature_importance_threshold": 0.01,
    "model_path": "./benchmark_models",
    "experiment_tracking": true,
    "use_intel_optimization": true,
    "memory_optimization": true,
    "enable_distributed": false,
    "log_level": "INFO"
  },
  "model_info": {
    "name": "lasso_benchmark",
    "type": "Lasso"
  },
  "metrics": {
    "mse": 2847.364331281209,
    "rmse": 53.36070025103877,
    "mae": 42.686400779642916,
    "r2": 0.4625740321465074
  },
  "feature_importance": {
    "feature_2": 26.36037553849687,
    "feature_8": 18.998352325730355,
    "feature_3": 16.808113979931143,
    "feature_7": 4.483442413806687,
    "feature_9": 2.6636424173791204,
    "feature_5": -8.107310475141842,
    "feature_1": -11.280323056518938,
    "feature_6": -14.049282446627195
  },
  "duration": 1.0340313911437988,
  "steps": {
    "cv": {
      "fold_1": -3235.297578407132,
      "fold_2": -3171.028601074375,
      "fold_3": -3200.3367495815814,
      "fold_4": -3171.028601074375,
      "fold_5": -3244.303639048525,
      "fold_6": -3173.5297205916904,
      "fold_7": -3175.418307363491,
      "fold_8": -3173.0527255172356,
      "fold_9": -3175.418307363491,
      "fold_10": -3235.442373071734
    }
  }
}