{
  "experiment_id": 1741848210,
  "timestamp": "2025-03-13 06:43:30",
  "config": {
    "task_type": "classification",
    "random_state": 42,
    "n_jobs": -1,
    "verbose": 1,
    "cv_folds": 5,
    "test_size": 0.2,
    "stratify": true,
    "optimization_strategy": "random_search",
    "optimization_iterations": 20,
    "early_stopping": true,
    "feature_selection": true,
    "feature_selection_method": "mutual_info",
    "feature_selection_k": null,
    "feature_importance_threshold": 0.01,
    "model_path": "./benchmark_models",
    "experiment_tracking": true,
    "use_intel_optimization": true,
    "memory_optimization": true,
    "enable_distributed": false,
    "log_level": "INFO"
  },
  "model_info": {
    "name": "random_forest_benchmark",
    "type": "RandomForestClassifier"
  },
  "metrics": {
    "accuracy": 0.956140350877193,
    "precision": 0.9560729421281235,
    "recall": 0.956140350877193,
    "f1": 0.9560273762928302,
    "roc_auc": 0.9923941798941799
  },
  "feature_importance": {
    "feature_23": 0.1520717333275877,
    "feature_22": 0.12968999853280036,
    "feature_27": 0.12061960766926585,
    "feature_7": 0.10173186846370867,
    "feature_20": 0.08661359730406011,
    "feature_6": 0.0715670971819647,
    "feature_3": 0.05863073343589699,
    "feature_2": 0.048769984484884996,
    "feature_0": 0.04630701730487273,
    "feature_13": 0.03301641421471023,
    "feature_26": 0.025217414351178954,
    "feature_21": 0.018602222387683876,
    "feature_25": 0.013029784727593006,
    "feature_1": 0.011368326929520979,
    "feature_28": 0.009291091225592582,
    "feature_24": 0.009274172952446903,
    "feature_12": 0.009050008204310699,
    "feature_10": 0.006998511707335113,
    "feature_4": 0.006529149296980279,
    "feature_29": 0.006283053064237589,
    "feature_11": 0.0058891647320956616,
    "feature_5": 0.004801610287431671,
    "feature_15": 0.004175658895492107,
    "feature_17": 0.003887564067497211,
    "feature_14": 0.003750335614144371,
    "feature_8": 0.003590510535045355,
    "feature_18": 0.003240272433181006,
    "feature_16": 0.0030097629165295706,
    "feature_19": 0.0029933337519508813
  },
  "duration": 1.0041272640228271,
  "steps": {
    "cv": {
      "fold_1": 0.9441992141537892,
      "fold_2": 0.944589846475187,
      "fold_3": 0.9558084772370486,
      "fold_4": 0.9332834348314224,
      "fold_5": 0.9558084772370486,
      "fold_6": 0.944589846475187,
      "fold_7": 0.9441992141537892,
      "fold_8": 0.944589846475187,
      "fold_9": 0.9558084772370486,
      "fold_10": 0.9332834348314224,
      "fold_11": 0.9558084772370486,
      "fold_12": 0.944589846475187,
      "fold_13": 0.944589846475187,
      "fold_14": 0.944589846475187,
      "fold_15": 0.9558084772370486,
      "fold_16": 0.9332834348314224,
      "fold_17": 0.9558084772370486,
      "fold_18": 0.944589846475187
    }
  }
}