{
  "experiment_id": 1741847650,
  "timestamp": "2025-03-13 06:34:10",
  "config": {
    "task_type": "classification",
    "random_state": 42,
    "n_jobs": -1,
    "verbose": 1,
    "cv_folds": 5,
    "test_size": 0.2,
    "stratify": true,
    "optimization_strategy": "grid_search",
    "optimization_iterations": 20,
    "early_stopping": true,
    "feature_selection": true,
    "feature_selection_method": "mutual_info",
    "feature_selection_k": null,
    "feature_importance_threshold": 0.01,
    "model_path": "./benchmark_models",
    "experiment_tracking": true,
    "use_intel_optimization": true,
    "memory_optimization": true,
    "enable_distributed": false,
    "log_level": "INFO"
  },
  "model_info": {
    "name": "random_forest_benchmark",
    "type": "RandomForestClassifier"
  },
  "metrics": {
    "accuracy": 0.956140350877193,
    "precision": 0.9560729421281235,
    "recall": 0.956140350877193,
    "f1": 0.9560273762928302,
    "roc_auc": 0.9918981481481481
  },
  "feature_importance": {
    "feature_23": 0.1522238660248986,
    "feature_22": 0.1280328410293145,
    "feature_27": 0.12176854440193668,
    "feature_7": 0.10357581936579434,
    "feature_20": 0.08124616303827309,
    "feature_6": 0.07229074839156589,
    "feature_3": 0.060015945906727486,
    "feature_0": 0.048765882794522,
    "feature_2": 0.046953448557224386,
    "feature_13": 0.03243227153937115,
    "feature_26": 0.021057705929171607,
    "feature_21": 0.018489913582036825,
    "feature_25": 0.013679544832455412,
    "feature_1": 0.011298955524426573,
    "feature_24": 0.009931259094799014,
    "feature_28": 0.009066097522926309,
    "feature_10": 0.008293220177949307,
    "feature_11": 0.007631891405840052,
    "feature_12": 0.006982457318428333,
    "feature_29": 0.006509137442955286,
    "feature_15": 0.00591796616876923,
    "feature_14": 0.005250787615659629,
    "feature_4": 0.004963360678113173,
    "feature_5": 0.004551289581239322,
    "feature_8": 0.004432063803900169,
    "feature_16": 0.0043098854015554125,
    "feature_18": 0.004050122075273075,
    "feature_19": 0.003237505992856456,
    "feature_17": 0.0030413048020168547
  },
  "duration": 1.1549742221832275,
  "steps": {
    "cv": {
      "fold_1": 0.9441992141537892,
      "fold_2": 0.944589846475187,
      "fold_3": 0.9558084772370486,
      "fold_4": 0.9332834348314224,
      "fold_5": 0.9558084772370486,
      "fold_6": 0.944589846475187,
      "fold_7": 0.9441992141537892,
      "fold_8": 0.944589846475187,
      "fold_9": 0.9558084772370486,
      "fold_10": 0.9332834348314224,
      "fold_11": 0.9558084772370486,
      "fold_12": 0.944589846475187,
      "fold_13": 0.9441992141537892,
      "fold_14": 0.944589846475187,
      "fold_15": 0.9558084772370486,
      "fold_16": 0.9332834348314224,
      "fold_17": 0.9558084772370486,
      "fold_18": 0.944589846475187
    }
  }
}