{
  "experiment_id": 1741847638,
  "timestamp": "2025-03-13 06:33:58",
  "config": {
    "task_type": "classification",
    "random_state": 42,
    "n_jobs": -1,
    "verbose": 1,
    "cv_folds": 5,
    "test_size": 0.2,
    "stratify": true,
    "optimization_strategy": "adaptive_surrogate_assisted_hyperparameter_tuning",
    "optimization_iterations": 20,
    "early_stopping": true,
    "feature_selection": true,
    "feature_selection_method": "mutual_info",
    "feature_selection_k": null,
    "feature_importance_threshold": 0.01,
    "model_path": "./benchmark_models",
    "experiment_tracking": true,
    "use_intel_optimization": true,
    "memory_optimization": true,
    "enable_distributed": false,
    "log_level": "INFO"
  },
  "model_info": {
    "name": "gradient_boosting_benchmark",
    "type": "GradientBoostingClassifier"
  },
  "metrics": {
    "accuracy": 0.8888888888888888,
    "precision": 0.8993055555555556,
    "recall": 0.8888888888888888,
    "f1": 0.8895061728395063
  },
  "feature_importance": {
    "feature_9": 0.30288119380952006,
    "feature_7": 0.2873233793293713,
    "feature_12": 0.23862243039892156,
    "feature_10": 0.054838239264998256,
    "feature_1": 0.03824491728340179,
    "feature_3": 0.03422518274835434,
    "feature_5": 0.016562730908475938,
    "feature_11": 0.013195025202518269,
    "feature_4": 0.008884632652630004,
    "feature_6": 0.0028439526225395063,
    "feature_8": 0.0023782775921012728,
    "feature_0": 3.818716755848546e-08
  },
  "duration": 5.282047510147095,
  "steps": {
    "cv": {
      "fold_1": 0.8044186688760011,
      "fold_2": 0.8456998169901248,
      "fold_3": 0.8044186688760011,
      "fold_4": 0.8456998169901248,
      "fold_5": 0.8044186688760011,
      "fold_6": 0.8044186688760011,
      "fold_7": 0.8456998169901248,
      "fold_8": 0.8044186688760011,
      "fold_9": 0.8044186688760011,
      "fold_10": 0.8044186688760011,
      "fold_11": 0.8044186688760011,
      "fold_12": 0.8044186688760011,
      "fold_13": 0.8044186688760011,
      "fold_14": 0.8456998169901248,
      "fold_15": 0.8044186688760011,
      "fold_16": 0.8044186688760011,
      "fold_17": 0.8044186688760011,
      "fold_18": 0.8044186688760011,
      "fold_19": 0.8456998169901248
    }
  }
}