{
  "experiment_id": 1741848261,
  "timestamp": "2025-03-13 06:44:21",
  "config": {
    "task_type": "classification",
    "random_state": 42,
    "n_jobs": -1,
    "verbose": 1,
    "cv_folds": 5,
    "test_size": 0.2,
    "stratify": true,
    "optimization_strategy": "bayesian_optimization",
    "optimization_iterations": 20,
    "early_stopping": true,
    "feature_selection": true,
    "feature_selection_method": "mutual_info",
    "feature_selection_k": null,
    "feature_importance_threshold": 0.01,
    "model_path": "./benchmark_models",
    "experiment_tracking": true,
    "use_intel_optimization": true,
    "memory_optimization": true,
    "enable_distributed": false,
    "log_level": "INFO"
  },
  "model_info": {
    "name": "gradient_boosting_benchmark",
    "type": "GradientBoostingClassifier"
  },
  "metrics": {
    "accuracy": 0.9166666666666666,
    "precision": 0.9225071225071224,
    "recall": 0.9166666666666666,
    "f1": 0.9155725840783313
  },
  "feature_importance": {
    "feature_9": 0.3141111010823772,
    "feature_6": 0.29495480706015714,
    "feature_12": 0.2510464518750231,
    "feature_10": 0.055083326900970626,
    "feature_1": 0.03752373494587077,
    "feature_4": 0.032798941416972954,
    "feature_11": 0.007872018949414743,
    "feature_3": 0.005858660626928065,
    "feature_5": 0.00035578320301000175,
    "feature_7": 0.00022568020644215015,
    "feature_0": 0.00016927518925832603,
    "feature_8": 2.1854357482857908e-07
  },
  "duration": 11.765983581542969,
  "steps": {
    "cv": {
      "fold_1": 0.9322476391975698,
      "fold_2": 0.9322476391975698,
      "fold_3": 0.9303378613723441,
      "fold_4": 0.9654308184253738,
      "fold_5": 0.8984527344171052,
      "fold_6": 0.9322476391975698,
      "fold_7": 0.9322476391975698,
      "fold_8": 0.9303378613723441,
      "fold_9": 0.8984527344171052,
      "fold_10": 0.9322476391975698,
      "fold_11": 0.9303378613723441,
      "fold_12": 0.9654308184253738,
      "fold_13": 0.9654308184253738,
      "fold_14": 0.9654308184253738,
      "fold_15": 0.8984527344171052,
      "fold_16": 0.9303378613723441,
      "fold_17": 0.9303378613723441,
      "fold_18": 0.9303378613723441,
      "fold_19": 0.9322476391975698,
      "fold_20": 0.8984527344171052
    }
  }
}