{
  "experiment_id": 1741847628,
  "timestamp": "2025-03-13 06:33:48",
  "config": {
    "task_type": "classification",
    "random_state": 42,
    "n_jobs": -1,
    "verbose": 1,
    "cv_folds": 5,
    "test_size": 0.2,
    "stratify": true,
    "optimization_strategy": "adaptive_surrogate_assisted_hyperparameter_tuning",
    "optimization_iterations": 20,
    "early_stopping": true,
    "feature_selection": true,
    "feature_selection_method": "mutual_info",
    "feature_selection_k": null,
    "feature_importance_threshold": 0.01,
    "model_path": "./benchmark_models",
    "experiment_tracking": true,
    "use_intel_optimization": true,
    "memory_optimization": true,
    "enable_distributed": false,
    "log_level": "INFO"
  },
  "model_info": {
    "name": "random_forest_benchmark",
    "type": "RandomForestClassifier"
  },
  "metrics": {
    "accuracy": 1.0,
    "precision": 1.0,
    "recall": 1.0,
    "f1": 1.0
  },
  "feature_importance": {
    "feature_9": 0.18611546903772191,
    "feature_0": 0.16553940562453826,
    "feature_5": 0.16067129608943972,
    "feature_12": 0.12797832794165895,
    "feature_11": 0.09491517298145387,
    "feature_10": 0.07958754897917221,
    "feature_4": 0.054821632744441386,
    "feature_3": 0.031509265500593964,
    "feature_1": 0.03006131749141578,
    "feature_2": 0.02878081446969797,
    "feature_8": 0.023884725544296093,
    "feature_6": 0.016135023595569953
  },
  "duration": 4.189931392669678,
  "steps": {
    "cv": {
      "fold_1": 0.94339303689019,
      "fold_2": 0.94339303689019,
      "fold_3": 0.94339303689019,
      "fold_4": 0.9859680225877407,
      "fold_5": 0.9718617213372981,
      "fold_6": 0.94339303689019,
      "fold_7": 0.9718617213372981,
      "fold_8": 0.9716336275692412,
      "fold_9": 0.9576853245271075,
      "fold_10": 0.9859680225877407,
      "fold_11": 0.9576853245271075,
      "fold_12": 0.94339303689019,
      "fold_13": 0.957542926557011,
      "fold_14": 0.9576853245271075,
      "fold_15": 0.9576853245271075,
      "fold_16": 0.9859680225877407,
      "fold_17": 0.9576853245271075,
      "fold_18": 0.9718617213372981,
      "fold_19": 0.94339303689019
    }
  }
}