{
  "experiment_id": 1741848362,
  "timestamp": "2025-03-13 06:46:03",
  "config": {
    "task_type": "classification",
    "random_state": 42,
    "n_jobs": -1,
    "verbose": 1,
    "cv_folds": 5,
    "test_size": 0.2,
    "stratify": true,
    "optimization_strategy": "adaptive_surrogate_assisted_hyperparameter_tuning",
    "optimization_iterations": 20,
    "early_stopping": true,
    "feature_selection": true,
    "feature_selection_method": "mutual_info",
    "feature_selection_k": null,
    "feature_importance_threshold": 0.01,
    "model_path": "./benchmark_models",
    "experiment_tracking": true,
    "use_intel_optimization": true,
    "memory_optimization": true,
    "enable_distributed": false,
    "log_level": "INFO"
  },
  "model_info": {
    "name": "random_forest_benchmark",
    "type": "RandomForestClassifier"
  },
  "metrics": {
    "accuracy": 0.8329409356126523,
    "precision": 0.8229233170596292,
    "recall": 0.8329409356126523,
    "f1": 0.819757106223047,
    "roc_auc": 0.8828451868395396
  },
  "feature_importance": {
    "feature_2": 0.24631101611792028,
    "feature_18": 0.2372867199082983,
    "feature_0": 0.13810092022288398,
    "feature_21": 0.10520658736142503,
    "feature_4": 0.09918113798775043,
    "feature_1": 0.04888625794012132,
    "feature_34": 0.046100075964239894,
    "feature_42": 0.04581038537327451,
    "feature_16": 0.025838655790621175,
    "feature_6": 0.007278243333465099,
    "feature_3": 0.0,
    "feature_5": 0.0,
    "feature_8": 0.0,
    "feature_9": 0.0,
    "feature_10": 0.0,
    "feature_11": 0.0,
    "feature_12": 0.0,
    "feature_13": 0.0,
    "feature_14": 0.0,
    "feature_15": 0.0,
    "feature_17": 0.0,
    "feature_20": 0.0,
    "feature_22": 0.0,
    "feature_23": 0.0,
    "feature_24": 0.0,
    "feature_25": 0.0,
    "feature_26": 0.0,
    "feature_27": 0.0,
    "feature_28": 0.0,
    "feature_29": 0.0,
    "feature_31": 0.0,
    "feature_32": 0.0,
    "feature_33": 0.0,
    "feature_35": 0.0,
    "feature_36": 0.0,
    "feature_37": 0.0,
    "feature_38": 0.0,
    "feature_39": 0.0,
    "feature_40": 0.0,
    "feature_41": 0.0,
    "feature_44": 0.0,
    "feature_47": 0.0,
    "feature_48": 0.0,
    "feature_49": 0.0,
    "feature_50": 0.0,
    "feature_51": 0.0,
    "feature_52": 0.0,
    "feature_53": 0.0,
    "feature_55": 0.0,
    "feature_56": 0.0,
    "feature_57": 0.0,
    "feature_61": 0.0,
    "feature_64": 0.0,
    "feature_65": 0.0,
    "feature_70": 0.0,
    "feature_73": 0.0,
    "feature_75": 0.0,
    "feature_76": 0.0,
    "feature_77": 0.0,
    "feature_81": 0.0,
    "feature_83": 0.0,
    "feature_88": 0.0,
    "feature_89": 0.0,
    "feature_90": 0.0,
    "feature_91": 0.0,
    "feature_94": 0.0,
    "feature_95": 0.0,
    "feature_96": 0.0
  },
  "duration": 188.55893969535828,
  "steps": {
    "cv": {
      "fold_1": 0.8026623711075521,
      "fold_2": 0.8209617683144366,
      "fold_3": 0.8146233253552544,
      "fold_4": 0.8176841568611931,
      "fold_5": 0.8201747988125566,
      "fold_6": 0.8128976279479625,
      "fold_7": 0.8207478917536757,
      "fold_8": 0.8141187051817613,
      "fold_9": 0.8063254490286533,
      "fold_10": 0.8170184356262102,
      "fold_11": 0.8197060431006359,
      "fold_12": 0.8041023640608743,
      "fold_13": 0.8196308107273481,
      "fold_14": 0.8135975268567931,
      "fold_15": 0.8067464702525767,
      "fold_16": 0.8157092828130792,
      "fold_17": 0.8204146901738084,
      "fold_18": 0.8211469769407092,
      "fold_19": 0.8118467627299732
    }
  }
}