{
  "experiment_id": 1741847737,
  "timestamp": "2025-03-13 06:35:37",
  "config": {
    "task_type": "classification",
    "random_state": 42,
    "n_jobs": -1,
    "verbose": 1,
    "cv_folds": 5,
    "test_size": 0.2,
    "stratify": true,
    "optimization_strategy": "adaptive_surrogate_assisted_hyperparameter_tuning",
    "optimization_iterations": 20,
    "early_stopping": true,
    "feature_selection": true,
    "feature_selection_method": "mutual_info",
    "feature_selection_k": null,
    "feature_importance_threshold": 0.01,
    "model_path": "./benchmark_models",
    "experiment_tracking": true,
    "use_intel_optimization": true,
    "memory_optimization": true,
    "enable_distributed": false,
    "log_level": "INFO"
  },
  "model_info": {
    "name": "gradient_boosting_benchmark",
    "type": "GradientBoostingClassifier"
  },
  "metrics": {
    "accuracy": 0.9583333333333334,
    "precision": 0.9591102524461658,
    "recall": 0.9583333333333334,
    "f1": 0.9583562932483118
  },
  "feature_importance": {
    "feature_21": 0.09207879931408491,
    "feature_37": 0.07466394304737374,
    "feature_43": 0.07454528318298248,
    "feature_44": 0.0683484394252567,
    "feature_6": 0.06721379000835824,
    "feature_34": 0.0612838018428514,
    "feature_60": 0.048920118280879,
    "feature_26": 0.04673261987952649,
    "feature_20": 0.03501237445213448,
    "feature_28": 0.033154457407603255,
    "feature_29": 0.030005531548462597,
    "feature_19": 0.028045011443763635,
    "feature_11": 0.025155382471740914,
    "feature_62": 0.024068959598796392,
    "feature_46": 0.022349671028565467,
    "feature_55": 0.02041558309464818,
    "feature_47": 0.019856653921689123,
    "feature_38": 0.019353495267491604,
    "feature_52": 0.01717033648176977,
    "feature_58": 0.016768797281100006,
    "feature_39": 0.016633230761432968,
    "feature_27": 0.01619915007152455,
    "feature_54": 0.015224238788386146,
    "feature_3": 0.01471502505116134,
    "feature_18": 0.01422481775348045,
    "feature_45": 0.013027558376741862,
    "feature_53": 0.012938956401457766,
    "feature_30": 0.01213644891456684,
    "feature_14": 0.011115051680144032,
    "feature_61": 0.008349402775428115,
    "feature_36": 0.005718180310836217,
    "feature_25": 0.005103591173703386,
    "feature_10": 0.003999454277116815,
    "feature_35": 0.003763083755965936,
    "feature_5": 0.0033266026497764424,
    "feature_13": 0.003100917678785449,
    "feature_4": 0.003035991917266603,
    "feature_42": 0.0028807648737006523,
    "feature_22": 0.0027865562993307906,
    "feature_51": 0.002726038319791565,
    "feature_59": 0.0020619857829605476,
    "feature_17": 0.0010638678968926448,
    "feature_12": 0.0005906040453708144,
    "feature_15": 0.0001354314650997191,
    "feature_1": 0.0,
    "feature_2": 0.0,
    "feature_7": 0.0,
    "feature_9": 0.0,
    "feature_16": 0.0,
    "feature_23": 0.0,
    "feature_31": 0.0,
    "feature_33": 0.0,
    "feature_40": 0.0,
    "feature_41": 0.0,
    "feature_49": 0.0,
    "feature_50": 0.0,
    "feature_56": 0.0,
    "feature_57": 0.0,
    "feature_63": 0.0
  },
  "duration": 71.30226683616638,
  "steps": {
    "cv": {
      "fold_1": 0.9574132455048854,
      "fold_2": 0.8914619439250712,
      "fold_3": 0.8909338342960521,
      "fold_4": 0.9107309645130863,
      "fold_5": 0.9588459959833594,
      "fold_6": 0.8929289499897854,
      "fold_7": 0.9560136723788568,
      "fold_8": 0.9391752182108303,
      "fold_9": 0.9488912166206249,
      "fold_10": 0.8909338342960521,
      "fold_11": 0.9490335277240655,
      "fold_12": 0.932409660592646,
      "fold_13": 0.9560053960091809,
      "fold_14": 0.9588459959833594,
      "fold_15": 0.8909338342960521,
      "fold_16": 0.9532962953435647,
      "fold_17": 0.9547416015790641,
      "fold_18": 0.9627847759194311,
      "fold_19": 0.9363609129186395
    }
  }
}