{
  "experiment_id": 1741847684,
  "timestamp": "2025-03-13 06:34:44",
  "config": {
    "task_type": "classification",
    "random_state": 42,
    "n_jobs": -1,
    "verbose": 1,
    "cv_folds": 5,
    "test_size": 0.2,
    "stratify": true,
    "optimization_strategy": "adaptive_surrogate_assisted_hyperparameter_tuning",
    "optimization_iterations": 20,
    "early_stopping": true,
    "feature_selection": true,
    "feature_selection_method": "mutual_info",
    "feature_selection_k": null,
    "feature_importance_threshold": 0.01,
    "model_path": "./benchmark_models",
    "experiment_tracking": true,
    "use_intel_optimization": true,
    "memory_optimization": true,
    "enable_distributed": false,
    "log_level": "INFO"
  },
  "model_info": {
    "name": "random_forest_benchmark",
    "type": "RandomForestClassifier"
  },
  "metrics": {
    "accuracy": 0.956140350877193,
    "precision": 0.9560729421281235,
    "recall": 0.956140350877193,
    "f1": 0.9560273762928302,
    "roc_auc": 0.9930555555555556
  },
  "feature_importance": {
    "feature_27": 0.15689638250547375,
    "feature_23": 0.15007510667992374,
    "feature_22": 0.1410039263003525,
    "feature_7": 0.10378583207623689,
    "feature_6": 0.09767152811393147,
    "feature_20": 0.07636644663355532,
    "feature_0": 0.03770655620757923,
    "feature_2": 0.03434065197099666,
    "feature_13": 0.031779026293345135,
    "feature_26": 0.029441365987543936,
    "feature_3": 0.022006910842518487,
    "feature_21": 0.02053440000935681,
    "feature_24": 0.011209183912981698,
    "feature_1": 0.010160048898470138,
    "feature_25": 0.009323492643268767,
    "feature_28": 0.008886051551208227,
    "feature_10": 0.006919125419900142,
    "feature_4": 0.006197504879725213,
    "feature_11": 0.005792147623834505,
    "feature_14": 0.005707508044636841,
    "feature_17": 0.005490366051427013,
    "feature_12": 0.005169404800414523,
    "feature_15": 0.00448508377898166,
    "feature_8": 0.004201292123377788,
    "feature_29": 0.003919969328979389,
    "feature_5": 0.003725108593297237,
    "feature_16": 0.003408410271874564,
    "feature_19": 0.003107347900799288,
    "feature_18": 0.0006898205560089329
  },
  "duration": 5.501372575759888,
  "steps": {
    "cv": {
      "fold_1": 0.9604782992262009,
      "fold_2": 0.9604782992262009,
      "fold_3": 0.9604782992262009,
      "fold_4": 0.956240913452974,
      "fold_5": 0.9604782992262009,
      "fold_6": 0.960572483841182,
      "fold_7": 0.956240913452974,
      "fold_8": 0.9604782992262009,
      "fold_9": 0.9604782992262009,
      "fold_10": 0.9604782992262009,
      "fold_11": 0.956240913452974,
      "fold_12": 0.960572483841182,
      "fold_13": 0.9604782992262009,
      "fold_14": 0.9604782992262009,
      "fold_15": 0.956240913452974,
      "fold_16": 0.9604782992262009,
      "fold_17": 0.9604782992262009,
      "fold_18": 0.9604782992262009,
      "fold_19": 0.9604782992262009
    }
  }
}