{
  "experiment_id": 1741847664,
  "timestamp": "2025-03-13 06:34:24",
  "config": {
    "task_type": "classification",
    "random_state": 42,
    "n_jobs": -1,
    "verbose": 1,
    "cv_folds": 5,
    "test_size": 0.2,
    "stratify": true,
    "optimization_strategy": "bayesian_optimization",
    "optimization_iterations": 20,
    "early_stopping": true,
    "feature_selection": true,
    "feature_selection_method": "mutual_info",
    "feature_selection_k": null,
    "feature_importance_threshold": 0.01,
    "model_path": "./benchmark_models",
    "experiment_tracking": true,
    "use_intel_optimization": true,
    "memory_optimization": true,
    "enable_distributed": false,
    "log_level": "INFO"
  },
  "model_info": {
    "name": "random_forest_benchmark",
    "type": "RandomForestClassifier"
  },
  "metrics": {
    "accuracy": 0.956140350877193,
    "precision": 0.9560729421281235,
    "recall": 0.956140350877193,
    "f1": 0.9560273762928302,
    "roc_auc": 0.9943783068783069
  },
  "feature_importance": {
    "feature_23": 0.15057125429155455,
    "feature_22": 0.12847320375287813,
    "feature_27": 0.1252585711531802,
    "feature_7": 0.09881069123413207,
    "feature_20": 0.08537589481344986,
    "feature_6": 0.07156106075315455,
    "feature_3": 0.057292310843440275,
    "feature_0": 0.04849722606866847,
    "feature_2": 0.04597753124987176,
    "feature_26": 0.026938795150420355,
    "feature_21": 0.019617632988478764,
    "feature_14": 0.016977018946005156,
    "feature_13": 0.016213144914219782,
    "feature_25": 0.014222078596379967,
    "feature_1": 0.012429159599398719,
    "feature_24": 0.010393468488718293,
    "feature_11": 0.010351527288931614,
    "feature_28": 0.008676840844929805,
    "feature_10": 0.005463237605693454,
    "feature_12": 0.005462378269396777,
    "feature_29": 0.0054587278706562615,
    "feature_8": 0.005302204395691674,
    "feature_18": 0.004725852399262802,
    "feature_4": 0.004721006785642121,
    "feature_15": 0.0045981201652634885,
    "feature_5": 0.004298401658634161,
    "feature_19": 0.004178474432838711,
    "feature_17": 0.004164360623511215,
    "feature_16": 0.00398982481559723
  },
  "duration": 13.48302435874939,
  "steps": {
    "cv": {
      "fold_1": 0.944589846475187,
      "fold_2": 0.9332834348314224,
      "fold_3": 0.9332834348314224,
      "fold_4": 0.9558084772370486,
      "fold_5": 0.9558084772370486,
      "fold_6": 0.9332834348314224,
      "fold_7": 0.944589846475187,
      "fold_8": 0.9558084772370486,
      "fold_9": 0.944589846475187,
      "fold_10": 0.944589846475187,
      "fold_11": 0.9441992141537892,
      "fold_12": 0.944589846475187,
      "fold_13": 0.9441992141537892,
      "fold_14": 0.9441992141537892,
      "fold_15": 0.9332834348314224,
      "fold_16": 0.9558084772370486,
      "fold_17": 0.944589846475187,
      "fold_18": 0.9558084772370486,
      "fold_19": 0.9441992141537892,
      "fold_20": 0.9332834348314224
    }
  }
}