{
  "experiment_id": 1741847935,
  "timestamp": "2025-03-13 06:38:55",
  "config": {
    "task_type": "classification",
    "random_state": 42,
    "n_jobs": -1,
    "verbose": 1,
    "cv_folds": 5,
    "test_size": 0.2,
    "stratify": true,
    "optimization_strategy": "adaptive_surrogate_assisted_hyperparameter_tuning",
    "optimization_iterations": 20,
    "early_stopping": true,
    "feature_selection": true,
    "feature_selection_method": "mutual_info",
    "feature_selection_k": null,
    "feature_importance_threshold": 0.01,
    "model_path": "./benchmark_models",
    "experiment_tracking": true,
    "use_intel_optimization": true,
    "memory_optimization": true,
    "enable_distributed": false,
    "log_level": "INFO"
  },
  "model_info": {
    "name": "random_forest_benchmark",
    "type": "RandomForestClassifier"
  },
  "metrics": {
    "accuracy": 0.91,
    "precision": 0.9114813327980731,
    "recall": 0.91,
    "f1": 0.909918927034331,
    "roc_auc": 0.9756
  },
  "feature_importance": {
    "feature_5": 0.38309221398838356,
    "feature_18": 0.21250930335524157,
    "feature_1": 0.10782758559342195,
    "feature_14": 0.10663940158972424,
    "feature_11": 0.03177364058568972,
    "feature_6": 0.03173771948618766,
    "feature_12": 0.027136935421855087,
    "feature_2": 0.026317457212677583,
    "feature_19": 0.025543165360856653,
    "feature_15": 0.023919343909905456,
    "feature_0": 0.023503233496056455
  },
  "duration": 5.693172454833984,
  "steps": {
    "cv": {
      "fold_1": 0.8899752444299968,
      "fold_2": 0.8899972499312483,
      "fold_3": 0.8899752444299968,
      "fold_4": 0.8874655363204983,
      "fold_5": 0.892483200500078,
      "fold_6": 0.8849971249281232,
      "fold_7": 0.8874655363204983,
      "fold_8": 0.8899889988998899,
      "fold_9": 0.894989498949895,
      "fold_10": 0.8899889988998899,
      "fold_11": 0.8874655363204983,
      "fold_12": 0.8949763696831787,
      "fold_13": 0.8899972499312483,
      "fold_14": 0.8849971249281232,
      "fold_15": 0.8949763696831787,
      "fold_16": 0.8874936715190229,
      "fold_17": 0.8849971249281232,
      "fold_18": 0.894989498949895,
      "fold_19": 0.8874655363204983
    }
  }
}