{
  "experiment_id": 1741848202,
  "timestamp": "2025-03-13 06:43:22",
  "config": {
    "task_type": "classification",
    "random_state": 42,
    "n_jobs": -1,
    "verbose": 1,
    "cv_folds": 5,
    "test_size": 0.2,
    "stratify": true,
    "optimization_strategy": "grid_search",
    "optimization_iterations": 20,
    "early_stopping": true,
    "feature_selection": true,
    "feature_selection_method": "mutual_info",
    "feature_selection_k": null,
    "feature_importance_threshold": 0.01,
    "model_path": "./benchmark_models",
    "experiment_tracking": true,
    "use_intel_optimization": true,
    "memory_optimization": true,
    "enable_distributed": false,
    "log_level": "INFO"
  },
  "model_info": {
    "name": "random_forest_benchmark",
    "type": "RandomForestClassifier"
  },
  "metrics": {
    "accuracy": 0.956140350877193,
    "precision": 0.9560729421281235,
    "recall": 0.956140350877193,
    "f1": 0.9560273762928302,
    "roc_auc": 0.9937169312169313
  },
  "feature_importance": {
    "feature_23": 0.15399943649516096,
    "feature_22": 0.12323112030907919,
    "feature_27": 0.12320661866767928,
    "feature_7": 0.10108309419889182,
    "feature_20": 0.08304565576953571,
    "feature_6": 0.07203179118333043,
    "feature_3": 0.058627347608067384,
    "feature_2": 0.047134910315417146,
    "feature_0": 0.04707328277855229,
    "feature_26": 0.028639938925403348,
    "feature_14": 0.01889500264565972,
    "feature_21": 0.01817986722235506,
    "feature_13": 0.015528393915129661,
    "feature_11": 0.012666459683687572,
    "feature_1": 0.012354323031100838,
    "feature_25": 0.012102060230559932,
    "feature_24": 0.010624272059983963,
    "feature_28": 0.009207662347280631,
    "feature_29": 0.006038107671116713,
    "feature_12": 0.005196077674424601,
    "feature_10": 0.00503929591900531,
    "feature_5": 0.0050070106098225545,
    "feature_19": 0.004978507847821432,
    "feature_8": 0.004967801907966069,
    "feature_15": 0.00483080865179726,
    "feature_18": 0.004682457006697184,
    "feature_17": 0.0040773286276992145,
    "feature_4": 0.003911581589572728,
    "feature_16": 0.003639785107201984
  },
  "duration": 1.0256893634796143,
  "steps": {
    "cv": {
      "fold_1": 0.9441992141537892,
      "fold_2": 0.944589846475187,
      "fold_3": 0.9558084772370486,
      "fold_4": 0.9332834348314224,
      "fold_5": 0.9558084772370486,
      "fold_6": 0.944589846475187,
      "fold_7": 0.9441992141537892,
      "fold_8": 0.944589846475187,
      "fold_9": 0.9558084772370486,
      "fold_10": 0.9332834348314224,
      "fold_11": 0.9558084772370486,
      "fold_12": 0.944589846475187,
      "fold_13": 0.9441992141537892,
      "fold_14": 0.944589846475187,
      "fold_15": 0.9558084772370486,
      "fold_16": 0.9332834348314224,
      "fold_17": 0.9558084772370486,
      "fold_18": 0.944589846475187
    }
  }
}