{
  "experiment_id": 1741848557,
  "timestamp": "2025-03-13 06:49:18",
  "config": {
    "task_type": "classification",
    "random_state": 42,
    "n_jobs": -1,
    "verbose": 1,
    "cv_folds": 5,
    "test_size": 0.2,
    "stratify": true,
    "optimization_strategy": "adaptive_surrogate_assisted_hyperparameter_tuning",
    "optimization_iterations": 20,
    "early_stopping": true,
    "feature_selection": true,
    "feature_selection_method": "mutual_info",
    "feature_selection_k": null,
    "feature_importance_threshold": 0.01,
    "model_path": "./benchmark_models",
    "experiment_tracking": true,
    "use_intel_optimization": true,
    "memory_optimization": true,
    "enable_distributed": false,
    "log_level": "INFO"
  },
  "model_info": {
    "name": "gradient_boosting_benchmark",
    "type": "GradientBoostingClassifier"
  },
  "metrics": {
    "accuracy": 0.8340669464633023,
    "precision": 0.8251244370642551,
    "recall": 0.8340669464633023,
    "f1": 0.8265081382067078,
    "roc_auc": 0.8858527250246033
  },
  "feature_importance": {
    "feature_29": 0.5260310444792113,
    "feature_2": 0.30436935083236627,
    "feature_0": 0.08418016005626425,
    "feature_4": 0.06365791835003223,
    "feature_1": 0.01030121742360645,
    "feature_48": 0.00562656561669655,
    "feature_7": 0.002432454819343571,
    "feature_31": 0.0023344378674721162,
    "feature_40": 0.0010373960643602668,
    "feature_23": 2.9454490646973547e-05,
    "feature_3": 0.0,
    "feature_5": 0.0,
    "feature_6": 0.0,
    "feature_8": 0.0,
    "feature_9": 0.0,
    "feature_10": 0.0,
    "feature_11": 0.0,
    "feature_13": 0.0,
    "feature_16": 0.0,
    "feature_17": 0.0,
    "feature_18": 0.0,
    "feature_21": 0.0,
    "feature_22": 0.0,
    "feature_24": 0.0,
    "feature_25": 0.0,
    "feature_26": 0.0,
    "feature_30": 0.0,
    "feature_32": 0.0,
    "feature_33": 0.0,
    "feature_34": 0.0,
    "feature_35": 0.0,
    "feature_36": 0.0,
    "feature_37": 0.0,
    "feature_38": 0.0,
    "feature_39": 0.0,
    "feature_41": 0.0,
    "feature_42": 0.0,
    "feature_44": 0.0,
    "feature_47": 0.0,
    "feature_49": 0.0,
    "feature_50": 0.0,
    "feature_51": 0.0,
    "feature_53": 0.0,
    "feature_54": 0.0,
    "feature_55": 0.0,
    "feature_56": 0.0,
    "feature_57": 0.0,
    "feature_68": 0.0,
    "feature_72": 0.0,
    "feature_74": 0.0,
    "feature_75": 0.0,
    "feature_76": 0.0,
    "feature_79": 0.0,
    "feature_80": 0.0,
    "feature_81": 0.0,
    "feature_82": 0.0,
    "feature_83": 0.0,
    "feature_85": 0.0,
    "feature_86": 0.0,
    "feature_87": 0.0,
    "feature_91": 0.0,
    "feature_92": 0.0,
    "feature_94": 0.0
  },
  "duration": 178.73560285568237,
  "steps": {
    "cv": {
      "fold_1": 0.8276407113784507,
      "fold_2": 0.65732600720964,
      "fold_3": 0.65732600720964,
      "fold_4": 0.7929610033050786,
      "fold_5": 0.65732600720964,
      "fold_6": 0.8285809304038466,
      "fold_7": 0.8276407113784507,
      "fold_8": 0.8295726191874244,
      "fold_9": 0.7929610033050786,
      "fold_10": 0.8285809304038466,
      "fold_11": 0.8278262452915426,
      "fold_12": 0.7929610033050786,
      "fold_13": 0.829527593811963,
      "fold_14": 0.8286275911736206,
      "fold_15": 0.65732600720964,
      "fold_16": 0.829527593811963,
      "fold_17": 0.8285201240472472,
      "fold_18": 0.828582616156812,
      "fold_19": 0.8278262452915426
    }
  }
}