{
  "experiment_id": 1741848171,
  "timestamp": "2025-03-13 06:42:51",
  "config": {
    "task_type": "regression",
    "random_state": 42,
    "n_jobs": -1,
    "verbose": 1,
    "cv_folds": 5,
    "test_size": 0.2,
    "stratify": false,
    "optimization_strategy": "adaptive_surrogate_assisted_hyperparameter_tuning",
    "optimization_iterations": 20,
    "early_stopping": true,
    "feature_selection": true,
    "feature_selection_method": "mutual_info",
    "feature_selection_k": null,
    "feature_importance_threshold": 0.01,
    "model_path": "./benchmark_models",
    "experiment_tracking": true,
    "use_intel_optimization": true,
    "memory_optimization": true,
    "enable_distributed": false,
    "log_level": "INFO"
  },
  "model_info": {
    "name": "random_forest_benchmark",
    "type": "RandomForestRegressor"
  },
  "metrics": {
    "mse": 4254.290318078529,
    "rmse": 65.22492098943876,
    "mae": 50.36847202686235,
    "r2": 0.8580329841228748
  },
  "feature_importance": {
    "feature_35": 0.2618380201005109,
    "feature_20": 0.2031115063946358,
    "feature_30": 0.16683656940288033,
    "feature_26": 0.10378818370277315,
    "feature_48": 0.08623963572258737,
    "feature_23": 0.04910886622213461,
    "feature_44": 0.01986177663873563,
    "feature_7": 0.012643577278737774,
    "feature_8": 0.0068010885930624605,
    "feature_32": 0.0043262318907560365,
    "feature_33": 0.004236287298021595,
    "feature_16": 0.0042280027625215336,
    "feature_34": 0.0042265138893125016,
    "feature_41": 0.004218422760711491,
    "feature_0": 0.00416677644839669,
    "feature_10": 0.004148493583814008,
    "feature_17": 0.004134602903574319,
    "feature_43": 0.004133001576953066,
    "feature_28": 0.004131553906099034,
    "feature_45": 0.004129626633381765,
    "feature_40": 0.004114665374775993,
    "feature_11": 0.0040531650429903796,
    "feature_47": 0.0040488964932087,
    "feature_19": 0.004027820633613054,
    "feature_15": 0.004013200070945619,
    "feature_14": 0.0039563013467323336,
    "feature_21": 0.003938669058678224,
    "feature_6": 0.003913189946840411,
    "feature_24": 0.0039109531518216984,
    "feature_18": 0.003898660741370092,
    "feature_3": 0.003815740429423496
  },
  "duration": 27.07775855064392,
  "steps": {
    "cv": {
      "fold_1": -5076.951333423694,
      "fold_2": -5313.303438537159,
      "fold_3": -5076.23151156237,
      "fold_4": -5227.077866277977,
      "fold_5": -5227.077866277977,
      "fold_6": -5076.951333423694,
      "fold_7": -5243.299887339771,
      "fold_8": -5225.656467859687,
      "fold_9": -5138.0559314201255,
      "fold_10": -5313.303438537159,
      "fold_11": -5076.951333423694,
      "fold_12": -5065.895803473459,
      "fold_13": -5076.951333423694
    }
  }
}