{
  "experiment_id": 1741847927,
  "timestamp": "2025-03-13 06:38:47",
  "config": {
    "task_type": "regression",
    "random_state": 42,
    "n_jobs": -1,
    "verbose": 1,
    "cv_folds": 5,
    "test_size": 0.2,
    "stratify": false,
    "optimization_strategy": "random_search",
    "optimization_iterations": 20,
    "early_stopping": true,
    "feature_selection": true,
    "feature_selection_method": "mutual_info",
    "feature_selection_k": null,
    "feature_importance_threshold": 0.01,
    "model_path": "./benchmark_models",
    "experiment_tracking": true,
    "use_intel_optimization": true,
    "memory_optimization": true,
    "enable_distributed": false,
    "log_level": "INFO"
  },
  "model_info": {
    "name": "ridge_benchmark",
    "type": "Ridge"
  },
  "metrics": {
    "mse": 0.4634654355915682,
    "rmse": 0.6807829577711006,
    "mae": 0.5033011336817194,
    "r2": 0.6463200090297558
  },
  "feature_importance": {
    "feature_0": 0.9867603920689728,
    "feature_4": 0.8753282122477284,
    "feature_1": 0.15704909863819794,
    "feature_2": -0.2971333228654568,
    "feature_7": -0.7568147295818538,
    "feature_6": -0.827388297346999,
    "feature_5": -4.2857300749958664
  },
  "duration": 2.030402421951294,
  "steps": {
    "cv": {
      "fold_1": -0.48759362075594814,
      "fold_2": -0.4875936207559482,
      "fold_3": -0.48759362075594814,
      "fold_4": -0.48756008026893727,
      "fold_5": -0.48756008026893727,
      "fold_6": -0.48756008026893727,
      "fold_7": -0.48766648092191334,
      "fold_8": -0.48766648092191334,
      "fold_9": -0.48766648092191334
    }
  }
}