{
  "experiment_id": 1741847857,
  "timestamp": "2025-03-13 06:37:37",
  "config": {
    "task_type": "regression",
    "random_state": 42,
    "n_jobs": -1,
    "verbose": 1,
    "cv_folds": 5,
    "test_size": 0.2,
    "stratify": false,
    "optimization_strategy": "adaptive_surrogate_assisted_hyperparameter_tuning",
    "optimization_iterations": 20,
    "early_stopping": true,
    "feature_selection": true,
    "feature_selection_method": "mutual_info",
    "feature_selection_k": null,
    "feature_importance_threshold": 0.01,
    "model_path": "./benchmark_models",
    "experiment_tracking": true,
    "use_intel_optimization": true,
    "memory_optimization": true,
    "enable_distributed": false,
    "log_level": "INFO"
  },
  "model_info": {
    "name": "random_forest_benchmark",
    "type": "RandomForestRegressor"
  },
  "metrics": {
    "mse": 0.25350445613452915,
    "rmse": 0.5034922602528554,
    "mae": 0.32743495197432065,
    "r2": 0.806545543914973
  },
  "feature_importance": {
    "feature_0": 0.5207553622500247,
    "feature_5": 0.14034884618415192,
    "feature_6": 0.0975986117375313,
    "feature_7": 0.09685733650959123,
    "feature_1": 0.06046539416421678,
    "feature_2": 0.049993484732848786,
    "feature_4": 0.03398096442163515
  },
  "duration": 16.17061734199524,
  "steps": {
    "cv": {
      "fold_1": -0.2850856148639523,
      "fold_2": -0.31229335703507044,
      "fold_3": -0.2854884677214221,
      "fold_4": -0.29025221119615,
      "fold_5": -0.29025221119615,
      "fold_6": -0.2850856148639523,
      "fold_7": -0.31397117855430495,
      "fold_8": -0.29009894888583576,
      "fold_9": -0.31229335703507044,
      "fold_10": -0.2874108888320582,
      "fold_11": -0.29025221119615,
      "fold_12": -0.31229335703507044,
      "fold_13": -0.28506822833758444,
      "fold_14": -0.2897822941051385,
      "fold_15": -0.31229335703507044,
      "fold_16": -0.2874483647426108,
      "fold_17": -0.29009894888583576,
      "fold_18": -0.2874108888320582,
      "fold_19": -0.28991246258851927
    }
  }
}