{
  "experiment_id": 1741848247,
  "timestamp": "2025-03-13 06:44:07",
  "config": {
    "task_type": "classification",
    "random_state": 42,
    "n_jobs": -1,
    "verbose": 1,
    "cv_folds": 5,
    "test_size": 0.2,
    "stratify": true,
    "optimization_strategy": "grid_search",
    "optimization_iterations": 20,
    "early_stopping": true,
    "feature_selection": true,
    "feature_selection_method": "mutual_info",
    "feature_selection_k": null,
    "feature_importance_threshold": 0.01,
    "model_path": "./benchmark_models",
    "experiment_tracking": true,
    "use_intel_optimization": true,
    "memory_optimization": true,
    "enable_distributed": false,
    "log_level": "INFO"
  },
  "model_info": {
    "name": "gradient_boosting_benchmark",
    "type": "GradientBoostingClassifier"
  },
  "metrics": {
    "accuracy": 0.9166666666666666,
    "precision": 0.9225071225071224,
    "recall": 0.9166666666666666,
    "f1": 0.9155725840783313
  },
  "feature_importance": {
    "feature_9": 0.30646552014529993,
    "feature_6": 0.28730737088363534,
    "feature_12": 0.2492206591909707,
    "feature_10": 0.05526380102421372,
    "feature_1": 0.03899885439676511,
    "feature_4": 0.028405088869479688,
    "feature_11": 0.012787463174070106,
    "feature_8": 0.011598933643538187,
    "feature_3": 0.007723925179136053,
    "feature_0": 0.0015045811569040456,
    "feature_5": 0.0006644966606741571,
    "feature_7": 5.9305675313106456e-05
  },
  "duration": 0.8273329734802246,
  "steps": {
    "cv": {
      "fold_1": 0.9303378613723441,
      "fold_2": 0.9303378613723441,
      "fold_3": 0.9303378613723441,
      "fold_4": 0.9303378613723441,
      "fold_5": 0.9654308184253738,
      "fold_6": 0.9654308184253738,
      "fold_7": 0.9322476391975698,
      "fold_8": 0.9322476391975698
    }
  }
}