{
  "experiment_id": 1741847836,
  "timestamp": "2025-03-13 06:37:16",
  "config": {
    "task_type": "regression",
    "random_state": 42,
    "n_jobs": -1,
    "verbose": 1,
    "cv_folds": 5,
    "test_size": 0.2,
    "stratify": false,
    "optimization_strategy": "adaptive_surrogate_assisted_hyperparameter_tuning",
    "optimization_iterations": 20,
    "early_stopping": true,
    "feature_selection": true,
    "feature_selection_method": "mutual_info",
    "feature_selection_k": null,
    "feature_importance_threshold": 0.01,
    "model_path": "./benchmark_models",
    "experiment_tracking": true,
    "use_intel_optimization": true,
    "memory_optimization": true,
    "enable_distributed": false,
    "log_level": "INFO"
  },
  "model_info": {
    "name": "gradient_boosting_benchmark",
    "type": "GradientBoostingRegressor"
  },
  "metrics": {
    "mse": 2777.961193428817,
    "rmse": 52.70636767439791,
    "mae": 43.276548432720226,
    "r2": 0.47567353196204654
  },
  "feature_importance": {
    "feature_2": 0.41768908391418247,
    "feature_8": 0.27962908886910204,
    "feature_3": 0.09583787274053086,
    "feature_5": 0.0749737126156727,
    "feature_9": 0.049352138622278344,
    "feature_6": 0.03945203419207117,
    "feature_7": 0.03014422962643871,
    "feature_1": 0.012921839419723623
  },
  "duration": 1.768265962600708,
  "steps": {
    "cv": {
      "fold_1": -3751.911330117143,
      "fold_2": -4443.934994377135,
      "fold_3": -4378.283110484201,
      "fold_4": -3670.6966938435553,
      "fold_5": -4420.1755019264565,
      "fold_6": -3802.9219340436507,
      "fold_7": -4299.9532094552615,
      "fold_8": -4378.283110484201,
      "fold_9": -3477.5278871089718,
      "fold_10": -4282.183948262222,
      "fold_11": -3646.7003463714877
    }
  }
}