{
  "experiment_id": 1741847657,
  "timestamp": "2025-03-13 06:34:17",
  "config": {
    "task_type": "classification",
    "random_state": 42,
    "n_jobs": -1,
    "verbose": 1,
    "cv_folds": 5,
    "test_size": 0.2,
    "stratify": true,
    "optimization_strategy": "random_search",
    "optimization_iterations": 20,
    "early_stopping": true,
    "feature_selection": true,
    "feature_selection_method": "mutual_info",
    "feature_selection_k": null,
    "feature_importance_threshold": 0.01,
    "model_path": "./benchmark_models",
    "experiment_tracking": true,
    "use_intel_optimization": true,
    "memory_optimization": true,
    "enable_distributed": false,
    "log_level": "INFO"
  },
  "model_info": {
    "name": "random_forest_benchmark",
    "type": "RandomForestClassifier"
  },
  "metrics": {
    "accuracy": 0.956140350877193,
    "precision": 0.9560729421281235,
    "recall": 0.956140350877193,
    "f1": 0.9560273762928302,
    "roc_auc": 0.9907407407407408
  },
  "feature_importance": {
    "feature_23": 0.14198834433264615,
    "feature_27": 0.13483140056514464,
    "feature_22": 0.1244863415233541,
    "feature_7": 0.09427207631014467,
    "feature_20": 0.08653898649442361,
    "feature_6": 0.06087404574591829,
    "feature_3": 0.053084443838606464,
    "feature_2": 0.048020125806452416,
    "feature_0": 0.04373040536193988,
    "feature_13": 0.04013879120879074,
    "feature_26": 0.026370278022080376,
    "feature_21": 0.016309881521423108,
    "feature_25": 0.016180454221346223,
    "feature_24": 0.013022870656489789,
    "feature_1": 0.011975912710966721,
    "feature_12": 0.01151843312648288,
    "feature_28": 0.009804769619525007,
    "feature_10": 0.009088166811029509,
    "feature_16": 0.007353537235075006,
    "feature_14": 0.005936209500308815,
    "feature_11": 0.005912984511815792,
    "feature_15": 0.005764078604307592,
    "feature_29": 0.005685106077648043,
    "feature_5": 0.005657975848306665,
    "feature_4": 0.005463662057907818,
    "feature_8": 0.004919121641146721,
    "feature_18": 0.0038626121981517204,
    "feature_19": 0.003770887295543204,
    "feature_17": 0.0034380971530241443
  },
  "duration": 1.3123643398284912,
  "steps": {
    "cv": {
      "fold_1": 0.9441992141537892,
      "fold_2": 0.944589846475187,
      "fold_3": 0.9558084772370486,
      "fold_4": 0.9332834348314224,
      "fold_5": 0.9558084772370486,
      "fold_6": 0.944589846475187,
      "fold_7": 0.9441992141537892,
      "fold_8": 0.944589846475187,
      "fold_9": 0.9558084772370486,
      "fold_10": 0.9332834348314224,
      "fold_11": 0.9558084772370486,
      "fold_12": 0.944589846475187,
      "fold_13": 0.9441992141537892,
      "fold_14": 0.944589846475187,
      "fold_15": 0.9558084772370486,
      "fold_16": 0.9332834348314224,
      "fold_17": 0.9558084772370486,
      "fold_18": 0.944589846475187
    }
  }
}