{
  "experiment_id": 1741847695,
  "timestamp": "2025-03-13 06:34:55",
  "config": {
    "task_type": "classification",
    "random_state": 42,
    "n_jobs": -1,
    "verbose": 1,
    "cv_folds": 5,
    "test_size": 0.2,
    "stratify": true,
    "optimization_strategy": "adaptive_surrogate_assisted_hyperparameter_tuning",
    "optimization_iterations": 20,
    "early_stopping": true,
    "feature_selection": true,
    "feature_selection_method": "mutual_info",
    "feature_selection_k": null,
    "feature_importance_threshold": 0.01,
    "model_path": "./benchmark_models",
    "experiment_tracking": true,
    "use_intel_optimization": true,
    "memory_optimization": true,
    "enable_distributed": false,
    "log_level": "INFO"
  },
  "model_info": {
    "name": "gradient_boosting_benchmark",
    "type": "GradientBoostingClassifier"
  },
  "metrics": {
    "accuracy": 0.9473684210526315,
    "precision": 0.9474395448079658,
    "recall": 0.9473684210526315,
    "f1": 0.947087062795646,
    "roc_auc": 0.988425925925926
  },
  "feature_importance": {
    "feature_20": 0.4363615948718318,
    "feature_22": 0.2713644977495205,
    "feature_27": 0.1069545010973023,
    "feature_21": 0.05288532394149599,
    "feature_7": 0.029398814823186976,
    "feature_11": 0.027693811943161274,
    "feature_23": 0.02249423415912252,
    "feature_24": 0.010858082533696977,
    "feature_26": 0.010699345731783376,
    "feature_13": 0.005124988244252336,
    "feature_1": 0.004884422031233532,
    "feature_25": 0.004259746968909618,
    "feature_12": 0.00328253262148729,
    "feature_10": 0.002150619127342655,
    "feature_28": 0.0019469359105584974,
    "feature_18": 0.0018312415976271337,
    "feature_6": 0.001473434843166553,
    "feature_16": 0.0012108747150311099,
    "feature_14": 0.0011354274386359466,
    "feature_3": 0.001109827028555474,
    "feature_19": 0.0007058983288185784,
    "feature_5": 0.0005147060165748043,
    "feature_2": 0.000510838274966639,
    "feature_15": 0.0004308586190329735,
    "feature_17": 0.0002416074173105509,
    "feature_8": 0.00021898333411186547,
    "feature_0": 0.00020580805024430547,
    "feature_4": 4.694873665759607e-05,
    "feature_29": 4.093844380855857e-06
  },
  "duration": 6.254200220108032,
  "steps": {
    "cv": {
      "fold_1": 0.9128360674413306,
      "fold_2": 0.9128360674413306,
      "fold_3": 0.9128360674413306,
      "fold_4": 0.9128360674413306,
      "fold_5": 0.9128360674413306,
      "fold_6": 0.9128360674413306,
      "fold_7": 0.9128360674413306,
      "fold_8": 0.9128360674413306,
      "fold_9": 0.9128360674413306,
      "fold_10": 0.9128360674413306,
      "fold_11": 0.9128360674413306,
      "fold_12": 0.9128360674413306,
      "fold_13": 0.9128360674413306,
      "fold_14": 0.9128360674413306,
      "fold_15": 0.9128360674413306,
      "fold_16": 0.9128360674413306,
      "fold_17": 0.9128360674413306,
      "fold_18": 0.9128360674413306,
      "fold_19": 0.9128360674413306
    }
  }
}