{
  "experiment_id": 1741493515,
  "timestamp": "2025-03-08 20:11:58",
  "config": {
    "task_type": "classification",
    "random_state": 42,
    "n_jobs": 4,
    "verbose": 1,
    "cv_folds": 5,
    "test_size": 0.2,
    "stratify": true,
    "optimization_strategy": "bayesian_optimization",
    "optimization_iterations": 30,
    "early_stopping": true,
    "feature_selection": true,
    "feature_selection_method": "f_classif",
    "feature_selection_k": 10,
    "feature_importance_threshold": 0.05,
    "model_path": "./models",
    "experiment_tracking": true,
    "use_intel_optimization": true,
    "memory_optimization": true,
    "enable_distributed": false,
    "log_level": "INFO"
  },
  "model_info": {
    "name": "GradientBoostingClassifier",
    "type": "GradientBoostingClassifier"
  },
  "metrics": {
    "accuracy": 0.956140350877193,
    "precision": 0.9560729421281235,
    "recall": 0.956140350877193,
    "f1": 0.9560273762928302,
    "roc_auc": 0.9884259259259259
  },
  "feature_importance": {
    "feature_20": 0.4781851190556614,
    "feature_27": 0.2146623092956765,
    "feature_22": 0.14284794398114734,
    "feature_7": 0.07667475871004852,
    "feature_23": 0.036386132364376385,
    "feature_26": 0.021812063203051235,
    "feature_6": 0.009972018685715404,
    "feature_3": 0.00976710630470446,
    "feature_2": 0.005919320798809032,
    "feature_0": 0.003773227600809727
  },
  "duration": 10.625665187835693,
  "steps": {
    "cv": {
      "fold_1": 0.8995585854768204,
      "fold_2": 0.8780976622454113,
      "fold_3": 0.9103654965723931,
      "fold_4": 0.9103654965723931,
      "fold_5": 0.9218788998153047,
      "fold_6": 0.8995585854768204,
      "fold_7": 0.8888057247190373,
      "fold_8": 0.9110445797752298,
      "fold_9": 0.8995585854768204,
      "fold_10": 0.9110445797752298,
      "fold_11": 0.8888057247190373,
      "fold_12": 0.8995585854768204,
      "fold_13": 0.8995585854768204,
      "fold_14": 0.9103654965723931,
      "fold_15": 0.9110445797752298,
      "fold_16": 0.8995585854768204,
      "fold_17": 0.8995585854768204,
      "fold_18": 0.8995585854768204,
      "fold_19": 0.8995585854768204,
      "fold_20": 0.8674254317111459,
      "fold_21": 0.9218788998153047,
      "fold_22": 0.8888057247190373,
      "fold_23": 0.8995585854768204,
      "fold_24": 0.8995585854768204,
      "fold_25": 0.9110445797752298,
      "fold_26": 0.9218788998153047,
      "fold_27": 0.8995585854768204,
      "fold_28": 0.8995585854768204,
      "fold_29": 0.9103654965723931,
      "fold_30": 0.8995585854768204
    }
  }
}