{
  "experiment_id": 1741227905,
  "timestamp": "2025-03-05 18:25:09",
  "config": {
    "task_type": "classification",
    "random_state": 42,
    "n_jobs": 4,
    "verbose": 1,
    "cv_folds": 5,
    "test_size": 0.2,
    "stratify": true,
    "optimization_strategy": "grid_search",
    "optimization_iterations": 30,
    "early_stopping": true,
    "feature_selection": true,
    "feature_selection_method": "f_classif",
    "feature_selection_k": 10,
    "feature_importance_threshold": 0.05,
    "model_path": "./models",
    "experiment_tracking": true,
    "use_intel_optimization": true,
    "memory_optimization": true,
    "enable_distributed": false,
    "log_level": "INFO"
  },
  "model_info": {
    "name": "GradientBoostingClassifier",
    "type": "GradientBoostingClassifier"
  },
  "metrics": {
    "accuracy": 0.9473684210526315,
    "precision": 0.9474395448079658,
    "recall": 0.9473684210526315,
    "f1": 0.947087062795646,
    "roc_auc": 0.9877645502645502
  },
  "feature_importance": {
    "feature_22": 0.4119004223214796,
    "feature_27": 0.16169859816970228,
    "feature_7": 0.15218748506722007,
    "feature_20": 0.13739779748679526,
    "feature_23": 0.0663349644652968,
    "feature_6": 0.023062756288944504,
    "feature_26": 0.018864367754482414,
    "feature_3": 0.016365568704701884,
    "feature_2": 0.006568772941573864,
    "feature_0": 0.005619266799803355
  },
  "duration": 19.09742546081543,
  "steps": {
    "cv": {
      "fold_1": 0.9103654965723931,
      "fold_2": 0.8995585854768204,
      "fold_3": 0.8995585854768204,
      "fold_4": 0.8995585854768204,
      "fold_5": 0.8995585854768204,
      "fold_6": 0.8995585854768204,
      "fold_7": 0.9103654965723931,
      "fold_8": 0.8995585854768204,
      "fold_9": 0.8995585854768204,
      "fold_10": 0.8995585854768204,
      "fold_11": 0.8995585854768204,
      "fold_12": 0.8995585854768204,
      "fold_13": 0.9103654965723931,
      "fold_14": 0.8888057247190373,
      "fold_15": 0.8995585854768204,
      "fold_16": 0.8888057247190373,
      "fold_17": 0.8995585854768204,
      "fold_18": 0.8888057247190373,
      "fold_19": 0.8995585854768204,
      "fold_20": 0.8995585854768204,
      "fold_21": 0.9103654965723931,
      "fold_22": 0.8995585854768204,
      "fold_23": 0.9103654965723931,
      "fold_24": 0.9103654965723931,
      "fold_25": 0.8995585854768204,
      "fold_26": 0.8995585854768204,
      "fold_27": 0.8995585854768204,
      "fold_28": 0.8995585854768204,
      "fold_29": 0.9103654965723931,
      "fold_30": 0.8995585854768204,
      "fold_31": 0.9110445797752298,
      "fold_32": 0.8780976622454113,
      "fold_33": 0.9110445797752298,
      "fold_34": 0.8674254317111459,
      "fold_35": 0.9110445797752298,
      "fold_36": 0.8780976622454113,
      "fold_37": 0.9218788998153047,
      "fold_38": 0.8995585854768204,
      "fold_39": 0.9218788998153047,
      "fold_40": 0.9103654965723931,
      "fold_41": 0.9218788998153047,
      "fold_42": 0.9103654965723931,
      "fold_43": 0.9110445797752298,
      "fold_44": 0.8995585854768204,
      "fold_45": 0.9218788998153047,
      "fold_46": 0.8995585854768204,
      "fold_47": 0.9218788998153047,
      "fold_48": 0.8995585854768204,
      "fold_49": 0.9103654965723931,
      "fold_50": 0.8780976622454113,
      "fold_51": 0.9218788998153047,
      "fold_52": 0.8780976622454113,
      "fold_53": 0.9110445797752298,
      "fold_54": 0.8780976622454113
    }
  }
}